iPhone 12,20,999.00
Galaxy S21,15,850.00
Dell XPS 13,10,1200.00
MacBook Air,8,999.00
PlayStation 5,30,499.99
Xbox Series X,25,499.99
Nike Running Shoes,50,129.99
Adidas Soccer Ball,40,34.99
Levi's Jeans 501,60,59.50
Hamilton Beach Toaster,20,24.99
Sony WH-1000XM4,35,349.99
Bose SoundLink,25,279.95
Kindle Paperwhite,45,129.99
iPad Pro 11-inch,18,799.00
Logitech MX Master 3,22,99.99
JBL Flip 5,30,119.95
GoPro HERO9,14,399.99
Canon EOS R5,5,3899.00
Nikon D850,7,2996.95
Gucci Sunglasses,12,290.00
YETI Tundra Cooler,20,299.99
Keurig K-Classic,25,89.99
Dyson V11 Torque,10,599.99
Roomba 960,16,499.99
Instant Pot Duo,30,89.00
Monopoly Board Game,40,19.99
Lego Star Wars Set,23,159.99
Samsung Galaxy Tab S7,12,649.99
Philips Hue Bulbs,35,49.99
Razer DeathAdder Mouse,28,49.99
Fitbit Charge 4,33,149.95
Apple Watch Series 6,19,399.00
Herman Miller Aeron,9,1395.00
Casio G-Shock,21,99.99
Fujifilm Instax Mini,29,69.99
Microsoft Surface Pro 7,11,899.99
North Face Backpack,26,88.95
Columbia Hiking Boots,18,145.00
Patagonia Down Jacket,10,279.00
Ring Video Doorbell,24,99.99
Omega Seamaster Watch,4,4950.00
Trek Mountain Bike,7,649.99
Specialized Road Bike,5,1200.00
Gibson Les Paul Guitar,3,2499.00
Fender Stratocaster,6,699.99
Roland TD-1DMK Drum Set,8,699.99
Yamaha P-45 Digital Piano,10,499.99
KitchenAid Stand Mixer,22,379.99
Weber Genesis Grill,15,779.00
Traeger Pellet Grill,13,699.99
